term,sumsq,meansq,NumDF,DenDF,statistic,p.value
treatment,2.4187601904590283,1.2093800952295142,2,5.998115771652558,14.88340721413665,0.004725012284023652
